Product ID,Type,Air temperature [K],Process temperature [K],Rotational speed [rpm],Torque [Nm],Vibration Levels ,Operational Hours,Failure Type,Power [kW]
M14860,M,298.1,308.6,1551,42.8,42.0,20.0,No Failure,6.95159056015735
L47181,L,298.2,308.7,1408,46.3,52.0,21.0,No Failure,6.826722724152668
L47182,L,298.1,308.5,1498,49.4,44.0,18.0,No Failure,7.749387542560966
L47183,L,298.2,308.6,1433,39.5,52.0,10.0,No Failure,5.9275046589156615
L47184,L,298.2,308.7,1408,40.0,44.0,10.0,No Failure,5.897816608339239
M14865,M,298.1,308.6,1425,41.9,35.0,24.0,No Failure,6.252554778807085
L47186,L,298.1,308.6,1558,42.4,36.0,20.0,No Failure,6.917703247400628
L47187,L,298.1,308.6,1527,40.2,33.0,14.0,No Failure,6.428264055922363
M14868,M,298.3,308.7,1667,28.6,23.0,22.0,No Failure,4.992639989035924
M14869,M,298.5,309.0,1741,28.0,45.0,22.0,No Failure,5.104878622573175
H29424,H,298.4,308.9,1782,23.9,55.0,19.73,No Failure,4.459993426595286
H29425,H,298.6,309.1,1423,44.3,45.0,20.03,No Failure,6.601418171012718
M14872,M,298.6,309.1,1339,51.1,34.0,20.33,No Failure,7.165229332576969
M14873,M,298.6,309.2,1742,30.0,34.0,20.62,No Failure,5.472654402553419
L47194,L,298.6,309.2,2035,19.6,23.0,20.92,No Failure,4.17685215270275
L47195,L,298.6,309.2,1542,48.4,42.0,21.22,No Failure,7.815528539894545
M14876,M,298.6,309.2,1311,46.6,54.0,21.52,No Failure,6.397602111623327
M14877,M,298.7,309.2,1410,45.6,55.0,21.81,No Failure,6.733061375173644
H29432,H,298.8,309.2,1306,54.5,54.0,22.11,No Failure,7.453638010152023
M14879,M,298.9,309.3,1632,32.5,34.0,22.41,No Failure,5.554335811546754
H29434,H,298.9,309.3,1375,42.7,33.0,22.7,No Failure,6.148358622463024
L47201,L,298.8,309.3,1450,44.8,23.0,23.0,No Failure,6.802595292573099
M14882,M,298.9,309.3,1581,30.7,24.0,23.3,No Failure,5.08275133831639
L47203,L,299.0,309.4,1758,25.7,36.0,23.59,No Failure,4.731301368159301
M14884,M,299.0,309.4,1561,37.3,34.0,23.89,No Failure,6.097339157768726
L47205,L,299.0,309.5,1861,23.3,35.0,24.19,No Failure,4.540784717670103
L47206,L,299.1,309.5,1512,39.0,36.0,24.48,No Failure,6.1751145198960975
H29441,H,299.1,309.4,1811,24.6,37.0,24.78,No Failure,4.6653279224339155
L47208,L,299.1,309.4,1439,44.2,38.0,25.08,No Failure,6.660574360679817
L47209,L,299.0,309.4,1693,30.1,39.0,25.38,No Failure,5.336445417069279
M14890,M,299.1,309.5,1339,48.2,40.0,25.67,No Failure,6.758592051471817
L47211,L,299.0,309.4,1798,25.5,34.56129032,25.97,No Failure,4.80129605248128
L47212,L,299.0,309.4,1419,48.3,34.27983871,26.27,No Failure,7.177251160464706
L47213,L,298.9,309.3,1665,32.5,33.9983871,26.56,No Failure,5.666647748912588
M14894,M,298.8,309.1,1559,34.7,33.71693548,26.86,No Failure,5.66505600863477
M14895,M,298.8,309.2,1452,48.6,33.43548387,27.16,No Failure,7.389779903480055
M14896,M,298.9,309.2,1581,36.7,33.15403226,27.45,No Failure,6.076122935381483
L47217,L,298.8,309.1,1439,39.2,32.87258065,27.75,No Failure,5.907115722593865
H29452,H,298.9,309.2,1379,50.7,32.59112903,28.05,No Failure,7.321513095117549
L47219,L,298.8,309.1,1350,52.5,32.30967742,28.35,No Failure,7.4220126441058865
L47220,L,298.8,309.1,1362,45.4,32.02822581,28.64,No Failure,6.475325113873137
L47221,L,298.8,309.1,1368,50.8,31.74677419,28.94,No Failure,7.277436550187684
M14902,M,298.8,309.1,1368,49.1,31.46532258,29.24,No Failure,7.033900287681404
H29457,H,298.8,309.2,1372,48.5,31.18387097,29.53,No Failure,6.9682619451724
M14904,M,298.8,309.1,1472,47.5,30.90241935,29.83,No Failure,7.322005277966611
L47225,L,298.8,309.1,1489,49.1,30.62096774,30.13,No Failure,7.656050824822814
M14906,M,298.7,309.0,1843,25.8,30.33951613,30.42,No Failure,4.97936152408675
L47227,L,298.8,309.1,1418,46.3,30.05806452,30.72,No Failure,6.8752079707730696
H29462,H,298.8,309.2,1425,53.9,29.7766129,31.02,No Failure,8.043262591353269
M14909,M,298.9,309.2,1412,44.1,29.49516129,31.32,No Failure,6.5208153754971185
L47230,L,298.9,309.1,2861,4.6,29.21370968,48.0,Power Failure,1.3781748092277943
L47231,L,298.9,309.1,1383,54.9,28.93225806,24.0,No Failure,7.951025431043871
H29466,H,298.8,309.0,1497,43.8,28.65080645,20.0,No Failure,6.866327735538923
L47233,L,298.7,309.0,1565,35.1,28.36935484,22.0,No Failure,5.752413228355591
L47234,L,298.7,309.0,1691,30.1,28.08790323,14.0,No Failure,5.330141287811075
L47235,L,298.8,309.1,1512,40.7,27.80645161,15.0,No Failure,6.4442861784556715
L47236,L,298.8,309.1,1477,42.4,27.525,58.0,No Failure,6.558053720417668
L47237,L,298.8,309.1,1513,40.3,27.24354839,22.0,No Failure,6.385171876690622
M14918,M,298.8,309.0,1661,29.5,26.96209677,36.0,No Failure,5.1312156409857685
L47239,L,298.8,309.1,1378,54.4,26.68064516,14.0,No Failure,7.850127946986079
L47240,L,298.8,309.1,1393,52.6,26.39919355,21.0,No Failure,7.673004953176687
M14921,M,298.8,309.0,1592,38.2,26.11774194,26.87,No Failure,6.368469075749037
L47242,L,298.8,309.0,1829,22.9,25.83629032,27.28,No Failure,4.386092695407341
M14923,M,298.9,309.0,1812,25.9,25.55483871,27.69,No Failure,4.914581883569729
L47244,L,299.0,309.1,1523,38.6,25.2733871,28.1,No Failure,6.156244020023534
L47245,L,299.0,309.1,1394,45.1,24.99193548,28.52,No Failure,6.583668172519937
M14926,M,298.9,308.9,1679,28.7,24.71048387,28.93,No Failure,5.046162255877582
H29481,H,298.8,308.9,1466,44.1,24.42903226,29.34,No Failure,6.7701950003390765
L47248,L,298.8,308.9,1527,32.4,24.14758065,29.75,No Failure,5.180988940594142
L47249,L,298.9,309.0,1410,65.7,42.0,47.0,Power Failure,9.700923955019922
M14930,M,298.9,309.0,1924,22.6,52.0,30.58,No Failure,4.553466280015095
L47251,L,298.9,309.1,1452,45.5,44.0,30.99,No Failure,6.918415341735442
L47252,L,298.9,309.1,1369,44.4,52.0,31.4,No Failure,6.36524370729135
L47253,L,299.0,309.1,1592,35.0,44.0,55.0,Tool Wear Failure,5.834984755267443
L47254,L,298.9,309.0,1601,32.3,35.0,57.0,Tool Wear Failure,5.415299392674381
L47255,L,298.8,308.9,1379,46.7,36.0,84.0,Tool Wear Failure,6.743878925877506
L47256,L,298.8,308.9,1461,47.9,33.0,47.0,Tool Wear Failure,7.328487430808517
L47257,L,298.8,308.9,1455,41.3,23.0,56.0,Tool Wear Failure,6.292767164773034
L47258,L,298.8,308.9,1398,51.5,45.0,96.0,Tool Wear Failure,7.539508209350144
L47259,L,298.8,308.9,1402,37.9,55.0,55.0,Tool Wear Failure,5.564367964087217
H29494,H,298.8,308.8,1445,49.9,45.0,24.0,No Failure,7.550870302780628
L47261,L,298.9,308.9,1450,47.5,34.0,22.0,No Failure,7.212573133866567
L47262,L,298.9,308.9,1453,40.8,34.0,15.0,No Failure,6.208038410905718
L47263,L,299.0,309.0,1469,40.1,23.0,15.0,No Failure,6.168716142858287
L47264,L,298.9,308.9,1422,47.6,42.0,11.0,No Failure,7.088187008735434
M14945,M,299.0,309.0,1804,26.8,54.0,10.0,No Failure,5.062906944721215
H29500,H,299.0,309.0,1436,43.9,55.0,14.0,No Failure,6.6015752506454
L47267,L,299.0,309.0,1544,31.8,54.0,25.0,No Failure,5.141656200571199
M14948,M,299.0,309.0,1419,45.2,34.0,22.0,No Failure,6.716599429668834
M14949,M,298.9,308.9,1487,39.5,33.0,27.0,No Failure,6.150871896585897
L47270,L,298.9,308.9,1753,25.8,23.0,19.0,No Failure,4.7362022526989005
L47271,L,298.9,308.9,1830,24.9,24.0,20.67,No Failure,4.771765081537537
M14952,M,298.9,308.9,1727,27.1,36.0,21.03,No Failure,4.90106256318378
L47273,L,299.1,309.0,1450,43.0,34.0,21.38,No Failure,6.529276731710787
L47274,L,299.0,308.9,1622,31.9,35.0,21.74,No Failure,5.4183886254504126
M14955,M,299.0,309.0,1351,52.2,36.0,22.09,No Failure,7.385067514499671
M14956,M,299.0,309.0,1575,35.3,37.0,22.45,No Failure,5.822156585265284
M14957,M,298.9,308.9,1750,29.9,38.0,22.8,No Failure,5.479461186636197
L47278,L,298.9,308.8,1529,32.7,39.0,23.15,No Failure,5.235809732399286
L47279,L,298.8,308.8,1523,44.4,40.0,23.51,No Failure,7.081275504897537
L47280,L,298.8,308.9,1852,25.0,42.0,23.86,No Failure,4.848524662040248
L47281,L,298.8,308.8,1991,20.7,52.0,24.22,No Failure,4.3158885715751225
L47282,L,298.8,308.8,1555,40.6,44.0,24.57,No Failure,6.611272299969481
M14963,M,298.8,308.8,1441,40.5,52.0,24.93,No Failure,6.111497268660904
L47284,L,298.8,308.7,1450,43.4,44.0,25.28,No Failure,6.59001418968019
L47285,L,298.8,308.7,1591,31.1,35.0,25.64,No Failure,5.181543955296277
L47286,L,298.8,308.7,1445,48.5,36.0,25.99,No Failure,7.3390222381735555
M14967,M,298.8,308.8,1497,46.8,33.0,26.35,No Failure,7.3366241557813145
H29522,H,298.9,308.8,1621,32.7,23.0,26.7,No Failure,5.55084864370127
L47289,L,298.9,308.7,1572,34.1,45.0,27.05,No Failure,5.613523417140386
L47290,L,298.8,308.6,1872,22.5,55.0,27.41,No Failure,4.41079608564007
H29525,H,298.7,308.6,1499,43.5,45.0,27.76,No Failure,6.828408712210095
M14972,M,298.8,308.7,1498,39.5,34.0,28.12,No Failure,6.1963726301853885
M14973,M,298.8,308.6,1486,41.9,34.0,28.47,No Failure,6.520208000917424
L47294,L,298.8,308.6,1680,29.4,23.0,28.83,No Failure,5.172318144870236
L47295,L,298.8,308.6,1431,45.7,42.0,29.18,No Failure,6.848326409633854
L47296,L,298.9,308.7,1564,34.1,54.0,29.54,No Failure,5.584955867943743
L47297,L,298.8,308.6,1599,33.0,55.0,29.89,No Failure,5.525747318399087
M14978,M,298.8,308.6,1707,28.1,54.0,30.25,No Failure,5.023061077898184
L47299,L,298.7,308.5,1467,40.7,34.0,30.6,No Failure,6.252491946954015
L47300,L,298.9,308.7,1433,44.7,33.0,30.95,No Failure,6.7078343861653185
L47301,L,298.9,308.7,1558,41.2,23.0,31.31,No Failure,6.721919193228914
L47302,L,299.0,308.8,1310,50.7,24.0,31.66,No Failure,6.955171975782443
L47303,L,298.9,308.7,1546,43.4,36.0,32.02,No Failure,7.0263185774107395
L47304,L,298.9,308.7,1727,29.4,34.0,32.37,No Failure,5.317019902494581
L47305,L,298.9,308.6,1560,32.2,35.0,32.73,No Failure,5.26028273917075
L47306,L,299.0,308.6,1329,60.5,36.0,33.08,No Failure,8.419939550518684
L47307,L,298.9,308.6,1413,46.5,37.0,33.44,No Failure,6.880559150259685
L47308,L,299.0,308.6,1587,38.6,38.0,33.79,No Failure,6.414943703071143
L47309,L,298.9,308.5,1559,34.3,39.0,34.15,No Failure,5.59975276934215
L47310,L,298.8,308.4,1473,41.1,40.0,34.5,No Failure,6.339765390870739
L47311,L,298.8,308.4,1737,27.7,42.0,34.85,No Failure,5.0385805456069175
M14992,M,298.7,308.4,1441,43.2,52.0,35.21,No Failure,6.518930419904965
M14993,M,298.7,308.4,1430,49.6,44.0,35.56,No Failure,7.427562791127229
L47314,L,298.8,308.4,1369,53.0,52.0,35.92,No Failure,7.598151272217154
M14995,M,298.8,308.5,1711,28.5,44.0,36.27,No Failure,5.106501778777528
H29550,H,298.7,308.5,1420,45.7,35.0,36.63,No Failure,6.795683788735201
L47317,L,298.7,308.6,1297,55.3,36.0,36.98,No Failure,7.510930188177989
H29552,H,298.8,308.6,1449,49.4,33.0,37.34,No Failure,7.495902903318318
L47319,L,298.8,308.6,1268,55.8,23.0,37.69,No Failure,7.409383441638455
L47320,L,298.8,308.6,1511,36.1,45.0,38.05,No Failure,5.7121589544875935
L47321,L,298.7,308.5,1544,35.2,55.0,38.4,No Failure,5.691393027047366
M15002,M,298.6,308.4,1778,28.2,45.0,38.75,No Failure,5.250606633797694
H29557,H,298.6,308.4,1407,50.5,34.0,39.11,No Failure,7.440705120394746
M15004,M,298.6,308.4,1391,42.4,34.0,39.46,No Failure,6.176203605349341
L47325,L,298.5,308.4,1513,33.6,23.0,39.82,No Failure,5.32361724706712
H29560,H,298.5,308.4,1612,36.1,42.0,40.17,No Failure,6.093977653629385
L47327,L,298.4,308.4,1515,40.1,54.0,40.53,No Failure,6.36188220315201
M15008,M,298.3,308.3,1379,48.0,55.0,40.88,No Failure,6.9316100308805195
L47329,L,298.4,308.3,1473,39.9,54.0,41.24,No Failure,6.1546627517212285
L47330,L,298.4,308.3,1422,42.7,34.0,41.59,No Failure,6.3585206990126695
M15011,M,298.4,308.2,1463,37.6,33.0,41.95,No Failure,5.7605080654263405
M15012,M,298.4,308.2,1584,41.0,23.0,42.3,No Failure,6.800919776491183
L47333,L,298.4,308.2,1850,27.0,24.0,42.65,No Failure,5.230751768227005
L47334,L,298.4,308.2,1528,36.2,36.0,43.01,No Failure,5.792426646786813
H29569,H,298.4,308.2,1987,19.8,34.0,43.36,No Failure,4.119947437770726
M15016,M,298.4,308.1,1495,46.0,35.0,43.72,No Failure,7.201577559579002
H29571,H,298.4,308.2,1478,43.5,36.0,44.07,No Failure,6.732747215908286
M15018,M,298.4,308.2,1499,40.0,37.0,44.43,No Failure,6.2789965169748
L47339,L,298.4,308.2,1471,47.0,38.0,44.78,No Failure,7.240009709707918
L47340,L,298.4,308.2,1282,60.7,39.0,45.14,Overstrain Failure,8.149019072048613
L47341,L,298.3,308.1,1412,52.3,40.0,45.49,Overstrain Failure,7.7333025881745865
L47342,L,298.3,308.1,1586,35.5,42.0,45.85,No Failure,5.896036372502205
M15023,M,298.4,308.2,1468,43.8,52.0,46.2,No Failure,6.733312702585931
M15024,M,298.5,308.3,1440,43.6,44.0,46.55,No Failure,6.57472510543272
L47345,L,298.5,308.4,1733,26.0,52.0,46.91,No Failure,4.71846272618163
H29580,H,298.4,308.2,1612,32.6,44.0,47.26,No Failure,5.5031487952442655
H29581,H,298.4,308.3,1458,42.9,35.0,47.62,No Failure,6.550032187175503
L47348,L,298.4,308.3,1433,62.3,36.0,47.97,Power Failure,9.348950386087234
L47349,L,298.4,308.3,1318,59.1,33.0,48.33,No Failure,8.157019661339755
M15030,M,298.4,308.2,1610,35.0,23.0,48.68,No Failure,5.900958200992828
L47351,L,298.2,308.1,1462,50.8,45.0,49.04,Tool Wear Failure,7.777494324835084
M15032,M,298.1,308.0,1924,20.8,55.0,49.39,Tool Wear Failure,4.190800824084689
M15033,M,298.2,308.0,1591,33.7,45.0,49.75,Tool Wear Failure,5.614727694324263
L47354,L,298.2,308.1,1306,58.3,34.0,50.1,No Failure,7.973341210859871
L47355,L,298.2,308.1,1382,43.5,34.0,50.45,No Failure,6.295437518528586
L47356,L,298.2,308.1,1618,34.7,23.0,50.81,No Failure,5.879448763291251
L47357,L,298.2,308.2,1988,21.4,42.0,51.16,No Failure,4.455113486006709
L47358,L,298.2,308.2,1436,50.2,54.0,51.52,No Failure,7.548953931261939
L47359,L,298.2,308.3,1304,49.8,55.0,51.87,No Failure,6.80041712166661
L47360,L,298.2,308.3,1475,49.9,54.0,52.23,No Failure,7.707635776194757
H29595,H,298.2,308.3,1824,24.2,34.0,52.58,No Failure,4.622413766785877
M15042,M,298.1,308.2,1342,48.1,33.0,52.94,No Failure,6.759681136925063
L47363,L,298.1,308.2,1485,40.7,23.0,53.29,No Failure,6.329209639554678
L47364,L,298.2,308.2,1667,30.6,24.0,53.65,No Failure,5.34177565260487
L47365,L,298.2,308.2,1446,38.2,36.0,54.0,No Failure,5.784426057495671
L47366,L,298.1,308.3,1301,56.0,34.0,54.35,No Failure,7.629462478997931
L47367,L,298.2,308.4,1379,43.1,35.0,54.71,No Failure,6.224008173561467
L47368,L,298.3,308.5,1606,33.6,36.0,55.06,No Failure,5.650845537865033
M15049,M,298.3,308.4,1539,43.4,37.0,55.42,No Failure,6.9945047158053875
L47370,L,298.2,308.4,1477,49.9,38.0,55.77,No Failure,7.7180868077557
L47371,L,298.2,308.4,1666,34.6,39.0,56.13,No Failure,6.0364236762156205
H29606,H,298.2,308.4,1398,51.8,40.0,56.48,No Failure,7.5834276746473295
H29607,H,298.2,308.4,1678,34.6,42.0,56.84,No Failure,6.0799033185413025
M15054,M,298.2,308.5,2678,10.7,52.0,57.19,No Failure,3.0007026950518028
L47375,L,298.3,308.5,1453,42.9,44.0,57.55,No Failure,6.527569799702337
H29610,H,298.3,308.6,1432,49.5,52.0,57.9,No Failure,7.422955121901964
M15057,M,298.4,308.6,1527,40.9,44.0,58.25,No Failure,6.540199002169768
L47378,L,298.4,308.7,1588,35.0,35.0,58.61,No Failure,5.8203239895506895
L47379,L,298.4,308.6,1433,47.1,36.0,58.96,No Failure,7.067986567972853
L47380,L,298.4,308.6,1609,35.0,33.0,59.32,No Failure,5.89729300956364
L47381,L,298.3,308.5,1575,41.2,23.0,59.67,No Failure,6.7952649097147235
M15062,M,298.4,308.5,1636,35.7,45.0,60.03,No Failure,6.116178241714754
L47383,L,298.4,308.5,1490,37.9,55.0,60.38,No Failure,5.913629291362306
L47384,L,298.4,308.5,1741,32.8,45.0,60.74,No Failure,5.980000672157146
M15065,M,298.5,308.6,1344,53.0,34.0,61.09,No Failure,7.459397596683605
L47386,L,298.5,308.7,1609,35.3,34.0,61.45,No Failure,5.947841235359899
M15067,M,298.4,308.7,1421,60.7,23.0,61.8,No Failure,9.032571061919718
L47388,L,298.4,308.6,1591,36.7,42.0,62.15,No Failure,6.114555085510398
L47389,L,298.4,308.6,1477,44.0,54.0,62.51,No Failure,6.805527445716448
L47390,L,298.4,308.7,1523,36.1,55.0,62.86,No Failure,5.757523552405431
L47391,L,298.5,308.7,1575,33.9,54.0,63.22,No Failure,5.591249525226433
H29626,H,298.4,308.7,1344,52.9,34.0,63.57,No Failure,7.445323261595522
L47393,L,298.4,308.7,1386,44.9,33.0,63.93,No Failure,6.516856968753594
M15074,M,298.3,308.6,1589,37.1,23.0,64.28,No Failure,6.173428531838671
L47395,L,298.3,308.6,1548,40.3,24.0,64.64,No Failure,6.532879091286903
L47396,L,298.3,308.6,1499,38.3,36.0,64.99,No Failure,6.01213916500337
L47397,L,298.3,308.5,1664,31.6,34.0,65.35,No Failure,5.506416051603998
L47398,L,298.3,308.6,1447,38.1,35.0,65.7,No Failure,5.773273403575428
M15079,M,298.3,308.5,1434,46.2,36.0,66.05,No Failure,6.937767552481556
L47400,L,298.3,308.5,1416,52.7,37.0,66.41,No Failure,7.8145232302453955
H29635,H,298.4,308.5,1827,24.3,38.0,66.76,No Failure,4.649148720267927
L47402,L,298.4,308.6,1304,45.0,39.0,67.12,No Failure,6.144955230421635
L47403,L,298.4,308.6,1569,34.4,40.0,67.47,No Failure,5.652102174926468
L47404,L,298.3,308.6,1584,29.3,34.56129032,67.83,No Failure,4.8601694988095545
L47405,L,298.3,308.5,1362,53.8,34.27983871,68.18,No Failure,7.673402888246141
L47406,L,298.3,308.4,1329,49.2,33.9983871,68.54,No Failure,6.84728968405817
L47407,L,298.3,308.5,1539,36.1,33.71693548,68.89,No Failure,5.818009682962545
M15088,M,298.3,308.5,1629,37.1,33.43548387,69.25,No Failure,6.328832648436246
L47409,L,298.3,308.5,1538,32.2,33.15403226,69.6,No Failure,5.186099264643983
L47410,L,298.3,308.6,1570,34.8,32.87258065,69.95,No Failure,5.721468540717731
L47411,L,298.3,308.4,1408,43.1,32.59112903,70.31,No Failure,6.35489739548553
L47412,L,298.2,308.4,1424,47.6,32.30967742,70.66,No Failure,7.098156329422826
L47413,L,298.2,308.4,1512,34.9,32.02822581,71.02,No Failure,5.525935813958303
L47414,L,298.2,308.4,1478,42.9,31.74677419,71.37,No Failure,6.639881737068171
M15095,M,298.1,308.3,1680,33.7,31.46532258,71.73,No Failure,5.9288136558546585
L47416,L,298.1,308.3,1495,38.7,31.18387097,72.08,No Failure,6.058718512080596
M15097,M,298.0,308.1,1552,36.6,30.90241935,72.44,No Failure,5.948417194013059
L47418,L,297.9,308.1,1393,50.3,30.62096774,72.79,No Failure,7.337493329748809
L47419,L,298.0,308.2,1611,30.6,30.33951613,73.15,No Failure,5.16232788023182
M15100,M,298.0,308.1,1339,51.6,30.05806452,73.5,No Failure,7.235339208629581
L47421,L,298.0,308.1,1777,24.3,29.7766129,73.85,No Failure,4.521914217797541
L47422,L,298.0,308.2,1348,58.8,29.49516129,74.21,No Failure,8.30033911819652
L47423,L,298.0,308.2,1442,44.1,29.21370968,74.56,No Failure,6.659359611520428
M15104,M,298.0,308.2,1395,49.1,28.93225806,74.92,No Failure,7.172727267043536
M15105,M,297.9,308.1,1627,31.4,28.65080645,75.27,No Failure,5.349901905602153
L47426,L,297.9,308.1,1585,33.5,28.36935484,75.63,No Failure,5.560357197466135
L47427,L,298.0,308.2,1469,45.5,28.08790323,75.98,No Failure,6.9994160723205
L47428,L,298.0,308.3,1362,56.8,27.80645161,76.34,No Failure,8.10128780766507
L47429,L,298.0,308.3,1405,56.2,27.525,76.69,No Failure,8.268776584003456
L47430,L,298.0,308.3,1662,32.7,27.24354839,77.05,No Failure,5.691246419390198
M15111,M,298.0,308.2,1466,42.6,26.96209677,77.4,No Failure,6.539916258830945
L47432,L,298.0,308.2,1620,35.8,26.68064516,77.75,No Failure,6.073326917919788
L47433,L,298.0,308.2,1357,48.2,26.39919355,78.11,No Failure,6.849446911013636
L47434,L,298.0,308.2,1514,37.9,26.11774194,78.46,Overstrain Failure,6.008882380619149
L47435,L,298.0,308.2,1489,40.4,25.83629032,78.82,Overstrain Failure,6.299479701076204
L47436,L,298.1,308.3,1331,63.0,25.55483871,79.17,No Failure,8.78106562604883
L47437,L,298.0,308.0,1615,29.5,25.2733871,79.53,No Failure,4.989110933288391
L47438,L,298.1,308.2,1482,37.9,24.99193548,79.88,No Failure,5.881878261610026
M15119,M,298.1,308.2,1420,63.9,24.71048387,80.24,No Failure,9.502061140047687
M15120,M,298.2,308.3,1522,49.1,24.42903226,80.59,No Failure,7.825728244043199
L47441,L,298.1,308.2,1654,32.1,24.14758065,80.95,No Failure,5.559927846470145
M15122,M,298.1,308.2,1736,26.8,42.0,81.3,Power Failure,4.872065662991147
M15123,M,298.0,308.1,1587,32.3,52.0,81.65,No Failure,5.367945119409271
L47444,L,298.1,308.2,1390,47.5,44.0,82.01,No Failure,6.914121831775536
L47445,L,298.0,308.1,1454,37.1,52.0,82.36,Tool Wear Failure,5.648939638321855
H29680,H,298.0,308.1,1440,43.7,44.0,82.72,Tool Wear Failure,6.589804750169951
L47447,L,297.9,308.0,1954,21.1,35.0,83.07,Tool Wear Failure,4.3175326717305005
H29682,H,297.9,308.0,1800,24.8,36.0,83.43,No Failure,4.674689868541612
L47449,L,298.0,308.0,1524,37.0,33.0,83.78,No Failure,5.904937551687375
H29684,H,298.0,308.0,1520,39.6,23.0,84.14,No Failure,6.303291500162562
M15131,M,298.1,308.1,1452,40.8,45.0,84.49,No Failure,6.203765844896835
L47452,L,298.1,308.1,1484,40.4,55.0,84.85,No Failure,6.278326310542034
L47453,L,298.1,308.0,1426,46.0,45.0,85.2,No Failure,6.869197056829202
L47454,L,298.1,308.0,1652,28.5,34.0,85.55,No Failure,4.930415510543821
L47455,L,298.0,308.0,1401,54.7,34.0,85.91,No Failure,8.025167017668592
M15136,M,298.0,307.9,1750,26.6,23.0,86.26,No Failure,4.874704600820162
H29691,H,298.0,308.0,1479,50.7,42.0,86.62,No Failure,7.852442253574224
M15138,M,298.0,308.0,1620,29.4,54.0,86.97,No Failure,4.987592496839155
L47459,L,298.0,308.1,1819,23.4,55.0,87.33,No Failure,4.45735448876627
M15140,M,298.1,308.1,1456,43.7,54.0,87.68,No Failure,6.663024802949617
L47461,L,298.1,308.0,1626,36.5,34.0,88.04,No Failure,6.215012746596688
M15142,M,298.1,308.1,1390,49.8,33.0,88.39,No Failure,7.248910888893088
L47463,L,298.2,308.2,1469,43.0,23.0,88.75,No Failure,6.614832771643549
L47464,L,298.2,308.3,2051,19.2,24.0,89.1,No Failure,4.123780180808105
L47465,L,298.2,308.3,1568,36.0,36.0,89.45,No Failure,5.911220736994554
L47466,L,298.2,308.3,1589,33.2,34.0,89.81,No Failure,5.524469737386627
L47467,L,298.2,308.3,1805,31.6,35.0,90.16,No Failure,5.973005392515155
H29702,H,298.2,308.4,1385,42.2,36.0,90.52,No Failure,6.120555527478755
L47469,L,298.1,308.4,1436,46.7,37.0,90.87,No Failure,7.022632442030529
L47470,L,298.1,308.4,1438,45.6,38.0,91.23,No Failure,6.866767558510427
L47471,L,298.0,308.3,1473,42.6,39.0,91.58,No Failure,6.571143689807627
L47472,L,298.1,308.4,1335,40.2,40.0,91.94,No Failure,5.619995098006781
H29707,H,298.1,308.5,1392,44.8,42.0,92.29,No Failure,6.530491480870174
M15154,M,298.1,308.5,1372,51.1,52.0,92.65,No Failure,7.341818255635252
M15155,M,298.1,308.6,1716,30.7,44.0,93.0,No Failure,5.516762363409819
L47476,L,298.0,308.5,1395,46.2,52.0,93.35,No Failure,6.749083497706952
L47477,L,298.0,308.5,1713,25.3,44.0,93.71,No Failure,4.538438995155423
H29712,H,297.9,308.5,2129,18.7,35.0,94.06,No Failure,4.16913430675043
M15159,M,297.8,308.3,1567,35.6,36.0,94.42,No Failure,5.841812483301244
L47480,L,297.8,308.4,1622,38.3,33.0,94.77,No Failure,6.505463459396575
L47481,L,297.7,308.4,1740,27.1,23.0,95.13,No Failure,4.937955332912437
H29716,H,297.8,308.4,1512,35.1,45.0,95.48,No Failure,5.557603067906487
M15163,M,297.8,308.4,1479,43.5,55.0,95.84,No Failure,6.73730252525599
L47484,L,297.8,308.4,1737,27.5,45.0,96.19,No Failure,5.002200902678348
L47485,L,297.8,308.4,2129,19.2,34.0,96.55,No Failure,4.280608486075308
L47486,L,297.8,308.4,1374,47.1,34.0,96.9,No Failure,6.77698084047083
M15167,M,297.8,308.4,1579,36.6,23.0,97.25,No Failure,6.051901256022306
L47488,L,297.9,308.5,1305,47.2,42.0,97.61,No Failure,6.4503180363505646
M15169,M,297.9,308.5,1449,40.8,54.0,97.96,No Failure,6.190948146870189
H29724,H,298.0,308.6,1526,41.8,55.0,98.32,No Failure,6.679738075866714
M15171,M,298.0,308.6,1453,44.1,54.0,98.67,No Failure,6.710159164728975
L47492,L,297.9,308.6,1468,36.0,34.0,99.03,No Failure,5.53422961856378
L47493,L,298.0,308.6,1313,50.8,33.0,99.38,No Failure,6.984849554383354
M15174,M,297.9,308.5,1300,53.0,23.0,99.74,No Failure,7.215191127744559
L47495,L,297.9,308.4,1646,40.6,24.0,100.09,No Failure,6.998169907234576
L47496,L,297.8,308.4,1714,33.2,36.0,100.45,No Failure,5.959056721133216
L47497,L,297.8,308.4,1685,28.4,34.0,100.8,No Failure,5.0112591614961985
L47498,L,297.8,308.4,1512,39.9,35.0,101.15,No Failure,6.3176171626629305
L47499,L,297.8,308.4,1612,32.1,36.0,101.51,No Failure,5.418744672617819
H29734,H,297.8,308.4,1550,38.2,37.0,101.86,No Failure,6.200456700635056
L47501,L,297.8,308.4,1518,32.5,38.0,102.22,No Failure,5.166349118828414
L47502,L,297.8,308.5,1448,40.0,39.0,102.57,No Failure,6.065368216530693
L47503,L,297.8,308.5,1561,46.3,40.0,102.93,No Failure,7.568546997444825
M15184,M,297.8,308.5,1488,41.9,42.0,103.28,No Failure,6.528983516396451
L47505,L,297.8,308.5,1699,27.8,52.0,103.64,No Failure,4.9461444177627945
L47506,L,297.7,308.5,1501,41.4,44.0,103.99,No Failure,6.507432190792825
L47507,L,297.7,308.5,1373,56.7,52.0,104.35,No Failure,8.152338688285905
H29742,H,297.6,308.4,1703,31.4,44.0,104.7,No Failure,5.5998051292197095
H29743,H,297.7,308.5,1720,29.9,35.0,105.05,No Failure,5.385527566293862
M15190,M,297.6,308.4,1398,41.9,36.0,105.41,No Failure,6.1340853198402145
M15191,M,297.6,308.4,1391,51.9,33.0,105.76,No Failure,7.560022809378086
M15192,M,297.6,308.3,1538,40.2,23.0,106.12,No Failure,6.474571131636277
L47513,L,297.5,308.2,1647,31.3,45.0,106.47,No Failure,5.398418568149093
M15194,M,297.5,308.1,1469,44.8,55.0,106.83,No Failure,6.891732748130953
L47515,L,297.4,308.1,1749,25.9,45.0,107.18,No Failure,4.743710659140979
M15196,M,297.6,308.2,1995,20.5,34.0,107.54,No Failure,4.282776185006285
L47517,L,297.6,308.3,1742,27.7,34.0,107.89,No Failure,5.05308423169099
L47518,L,297.5,308.2,1563,38.2,23.0,108.25,No Failure,6.252460531027478
M15199,M,297.5,308.2,1713,32.2,42.0,108.6,No Failure,5.776195084743265
L47520,L,297.4,308.1,1474,39.4,54.0,108.95,No Failure,6.081662610427313
M15201,M,297.4,308.2,1530,32.6,55.0,109.31,No Failure,5.22321194585839
L47522,L,297.4,308.2,1471,46.5,54.0,109.66,No Failure,7.1629883298174075
L47523,L,297.5,308.3,1388,48.6,34.0,110.02,No Failure,7.0640595771558665
M15204,M,297.5,308.2,2448,13.8,33.0,110.37,No Failure,3.537684655354395
L47525,L,297.5,308.3,1585,32.9,23.0,110.73,No Failure,5.460768710347339
M15206,M,297.5,308.3,1459,45.2,24.0,111.08,No Failure,6.905932746925179
L47527,L,297.5,308.3,1544,40.8,36.0,111.44,No Failure,6.5968419177139905
L47528,L,297.6,308.3,1617,31.7,34.0,111.79,Overstrain Failure,5.367819455703128
L47529,L,297.6,308.3,1595,34.3,35.0,112.15,Overstrain Failure,5.729060722963905
H29764,H,297.6,308.3,1400,44.3,36.0,112.5,No Failure,6.494719212521298
M15211,M,297.6,308.4,1611,31.0,37.0,112.85,No Failure,5.229809290430929
M15212,M,297.6,308.4,1507,46.0,38.0,113.21,No Failure,7.259382864405055
H29767,H,297.5,308.3,1674,30.0,39.0,113.56,No Failure,5.259026102109313
L47534,L,297.6,308.3,1658,34.3,40.0,113.92,No Failure,5.955349641801979
L47535,L,297.6,308.3,1623,36.9,42.0,114.27,No Failure,6.271529998434769
M15216,M,297.6,308.4,1398,48.9,52.0,114.63,Power Failure,7.1588728434412054
L47537,L,297.6,308.4,1517,34.2,44.0,114.98,No Failure,5.4330075032651175
M15218,M,297.6,308.3,1467,36.7,52.0,115.34,No Failure,5.637996423911852
M15219,M,297.6,308.3,1567,34.6,44.0,115.69,Tool Wear Failure,5.677716627028738
M15220,M,297.5,308.3,1521,38.2,35.0,116.05,Tool Wear Failure,6.084448155913496
L47541,L,297.5,308.3,1596,36.8,36.0,116.4,Tool Wear Failure,6.150484433491952
H29776,H,297.6,308.3,1640,30.9,33.0,116.75,No Failure,5.306778310443877
L47543,L,297.6,308.3,1438,47.8,23.0,117.11,No Failure,7.1980589758069815
L47544,L,297.6,308.4,1407,55.2,45.0,117.46,No Failure,8.133206389025544
L47545,L,297.6,308.4,1353,57.5,55.0,117.82,No Failure,8.146935148921731
M15226,M,297.6,308.5,1552,40.9,45.0,118.17,No Failure,6.647274951779619
M15227,M,297.6,308.4,1569,38.3,34.0,118.53,No Failure,6.292892828479178
L47548,L,297.5,308.4,1489,39.5,34.0,118.88,No Failure,6.159144757240349
H29783,H,297.5,308.4,1587,36.1,23.0,119.24,No Failure,5.999468074633892
M15230,M,297.5,308.3,1622,37.2,42.0,119.59,No Failure,6.31862247231208
L47551,L,297.5,308.4,1604,38.1,54.0,119.95,No Failure,6.399675562774696
M15232,M,297.4,308.3,1405,51.7,55.0,120.3,No Failure,7.606685932259407
L47553,L,297.4,308.3,1412,42.0,54.0,120.65,No Failure,6.210300357616304
L47554,L,297.4,308.3,1431,43.0,34.0,121.01,No Failure,6.443720691778025
L47555,L,297.4,308.2,1533,37.4,33.0,121.36,No Failure,6.004023383981597
M15236,M,297.4,308.2,1401,51.9,23.0,121.72,No Failure,7.614372362285189
M15237,M,297.4,308.2,1424,53.9,24.0,122.07,No Failure,8.037618196552318
L47558,L,297.3,308.2,1754,29.4,36.0,122.43,No Failure,5.400146444108567
L47559,L,297.3,308.2,1754,26.8,34.0,122.78,No Failure,4.922582472860872
L47560,L,297.5,308.3,2564,12.8,35.0,123.14,No Failure,3.436818587223138
L47561,L,297.5,308.5,1546,40.4,36.0,123.49,No Failure,6.540628353165757
L47562,L,297.5,308.5,1335,48.0,37.0,123.85,No Failure,6.710441908067799
M15243,M,297.5,308.6,1842,27.0,38.0,124.2,No Failure,5.208132301121159
L47564,L,297.5,308.5,1712,26.8,39.0,124.55,No Failure,4.804709916498182
M15245,M,297.6,308.6,1414,45.4,40.0,124.91,No Failure,6.722547511759631
L47566,L,297.6,308.7,1319,50.9,42.0,125.26,No Failure,7.030580671444111
L47567,L,297.7,308.7,1249,60.4,52.0,125.62,No Failure,7.900016438325085
L47568,L,297.6,308.7,1455,48.2,44.0,125.97,No Failure,7.34410114629686
M15249,M,297.6,308.7,1408,54.8,52.0,126.33,No Failure,8.080008753424757
L47570,L,297.6,308.7,1460,46.7,44.0,126.68,No Failure,7.140002343568644
L47571,L,297.6,308.6,1491,38.1,35.0,127.04,No Failure,5.948825601058024
M15252,M,297.6,308.5,1490,43.4,36.0,127.39,No Failure,6.771807684567919
M15253,M,297.5,308.4,1350,52.2,33.0,127.75,No Failure,7.379601143282425
L47574,L,297.5,308.4,1528,39.9,23.0,128.1,No Failure,6.384470254331321
L47575,L,297.4,308.3,1571,37.7,45.0,128.45,No Failure,6.202205520545554
L47576,L,297.4,308.3,1490,42.6,55.0,128.81,No Failure,6.6469817364652855
M15257,M,297.4,308.3,1774,28.9,45.0,129.16,No Failure,5.368835237327789
H29812,H,297.4,308.3,1502,43.6,34.0,129.52,No Failure,6.857803547472184
L47579,L,297.4,308.4,1392,49.7,34.0,129.87,No Failure,7.244763986590351
L47580,L,297.4,308.5,2100,16.9,23.0,130.23,No Failure,3.7165041091967246
L47581,L,297.5,308.5,1722,30.4,42.0,130.58,No Failure,5.481953516808046
L47582,L,297.4,308.6,1678,32.3,54.0,130.94,No Failure,5.675747895632488
L47583,L,297.3,308.6,1273,59.8,55.0,131.29,No Failure,7.971833246386147
L47584,L,297.3,308.6,1297,45.9,54.0,131.65,No Failure,6.234207877710122
L47585,L,297.3,308.5,1350,57.6,34.0,132.0,No Failure,8.143008158104744
L47586,L,297.4,308.6,1439,51.9,33.0,132.35,No Failure,7.820900663332182
M15267,M,297.4,308.5,1600,42.1,23.0,132.71,No Failure,7.053922704860281
M15268,M,297.4,308.6,1434,44.4,24.0,133.06,No Failure,6.667464920566689
L47589,L,297.4,308.6,1459,41.3,36.0,133.42,No Failure,6.310066868318802
M15270,M,297.5,308.6,1472,44.9,34.0,133.77,No Failure,6.921221831172648
L47591,L,297.5,308.7,1429,44.3,35.0,134.13,No Failure,6.629252681923525
L47592,L,297.5,308.6,1388,48.2,36.0,134.48,No Failure,7.00591916911343
L47593,L,297.4,308.4,1573,34.5,37.0,134.84,No Failure,5.682984030711256
L47594,L,297.4,308.4,1588,32.5,38.0,135.19,No Failure,5.40458656172564
L47595,L,297.5,308.4,1511,42.8,39.0,135.55,No Failure,6.772310339392493
L47596,L,297.4,308.5,1495,37.8,40.0,135.9,No Failure,5.917818081567093
L47597,L,297.4,308.4,1394,50.1,34.56129032,136.25,No Failure,7.313564865703967
L47598,L,297.4,308.4,2151,17.7,34.27983871,136.61,No Failure,3.98696382074427
M15279,M,297.3,308.3,1501,38.2,33.9983871,136.96,No Failure,6.004442263002076
M15280,M,297.3,308.3,1301,39.6,33.71693548,137.32,No Failure,5.395119895862824
M15281,M,297.3,308.3,1657,31.1,33.43548387,137.67,No Failure,5.39649172465489
L47602,L,297.3,308.3,1333,55.2,33.15403226,138.03,No Failure,7.705447133312758
L47603,L,297.3,308.3,1484,43.9,32.87258065,138.38,No Failure,6.822240718633546
L47604,L,297.3,308.4,1430,45.7,32.59112903,138.74,No Failure,6.8435407168248865
M15285,M,297.3,308.4,1665,28.9,32.30967742,139.09,No Failure,5.0389575367253485
L47606,L,297.4,308.5,1501,44.9,32.02822581,139.45,No Failure,7.0575774243139575
M15287,M,297.5,308.5,1496,42.2,31.74677419,139.8,No Failure,6.611083804410265
M15288,M,297.6,308.6,1595,36.9,31.46532258,140.15,No Failure,6.163333547445135
L47609,L,297.5,308.6,1208,62.3,31.18387097,140.51,No Failure,7.881041218697402
L47610,L,297.5,308.6,1596,37.1,30.90241935,140.86,No Failure,6.200624252243247
L47611,L,297.5,308.5,1446,41.9,30.62096774,141.22,No Failure,6.344697691336873
M15292,M,297.6,308.5,1466,39.7,30.33951613,141.57,No Failure,6.094710691915223
M15293,M,297.6,308.5,1848,23.7,30.05806452,141.93,No Failure,4.586473946828811
M15294,M,297.5,308.5,1484,44.7,29.7766129,142.28,No Failure,6.946564011911608
L47615,L,297.4,308.3,1493,41.2,29.49516129,142.64,No Failure,6.441479689018466
L47616,L,297.3,308.3,1504,36.3,29.21370968,142.99,No Failure,5.71719597470885
L47617,L,297.3,308.3,1538,38.5,28.93225806,143.35,No Failure,6.200770859900413
L47618,L,297.4,308.4,1341,52.2,28.65080645,143.7,No Failure,7.330403802327209
M15299,M,297.4,308.3,1535,34.6,28.36935484,144.05,No Failure,5.561770914160251
L47620,L,297.4,308.5,1389,39.2,28.08790323,144.41,No Failure,5.701865002559331
H29855,H,297.5,308.5,1393,46.6,27.80645161,144.76,No Failure,6.797757239886571
L47622,L,297.4,308.5,1399,61.5,27.525,145.12,Overstrain Failure,9.009930650862847
H29857,H,297.4,308.5,1469,45.1,27.24354839,145.47,Overstrain Failure,6.937882744212186
L47624,L,297.4,308.4,1582,37.2,26.96209677,145.83,No Failure,6.162799476694025
L47625,L,297.5,308.6,1793,26.7,26.68064516,146.18,No Failure,5.013259308818984
L47626,L,297.5,308.6,1452,39.0,26.39919355,146.54,No Failure,5.930070292916094
M15307,M,297.6,308.7,1376,59.9,26.11774194,146.89,No Failure,8.631253544374646
L47628,L,297.5,308.6,1552,44.9,25.83629032,147.25,No Failure,7.297375191562466
L47629,L,297.6,308.7,1622,37.9,25.55483871,147.6,No Failure,6.437521282274941
M15310,M,297.6,308.7,1419,41.7,25.2733871,147.95,Power Failure,6.196508765867044
H29865,H,297.5,308.6,1440,46.1,24.99193548,148.31,No Failure,6.951716223863494
M15312,M,297.4,308.6,1643,31.0,24.71048387,148.66,No Failure,5.333691287509631
L47633,L,297.4,308.7,1510,36.2,24.42903226,149.02,Tool Wear Failure,5.724191254350843
L47634,L,297.4,308.7,1468,46.6,24.14758065,149.37,Tool Wear Failure,7.163752784029781
L47635,L,297.4,308.7,1429,57.4,42.0,149.73,Tool Wear Failure,8.589596025788046
H29870,H,297.3,308.7,1478,47.6,52.0,150.08,No Failure,7.367327987982399
L47637,L,297.4,308.6,1276,53.6,44.0,150.44,No Failure,7.162161043751964
L47638,L,297.3,308.6,1486,42.6,52.0,150.79,No Failure,6.629137490192895
L47639,L,297.4,308.6,1476,42.3,44.0,151.15,No Failure,6.538156966944934
H29874,H,297.3,308.6,1431,42.0,35.0,151.5,No Failure,6.293866722201792
L47641,L,297.4,308.7,1402,40.2,36.0,151.85,No Failure,5.902047286446073
L47642,L,297.4,308.7,1433,43.4,33.0,152.21,No Failure,6.512751954352904
L47643,L,297.4,308.7,2874,4.2,23.0,152.56,No Failure,1.264051220098389
L47644,L,297.3,308.6,1511,35.7,45.0,152.92,No Failure,5.648866334493272
M15325,M,297.3,308.6,1456,42.9,55.0,153.27,No Failure,6.541047232186236
L47646,L,297.2,308.5,1550,41.5,45.0,153.63,No Failure,6.736098248072115
L47647,L,297.2,308.5,2182,16.5,34.0,153.98,No Failure,3.770225343573111
L47648,L,297.3,308.7,1619,31.6,34.0,154.34,No Failure,5.357504559823842
M15329,M,297.3,308.8,1586,32.7,23.0,154.69,No Failure,5.430996883966819
H29884,H,297.3,308.8,1499,44.2,42.0,155.05,No Failure,6.938291151257156
H29885,H,297.3,308.8,1419,42.4,54.0,155.4,No Failure,6.3005268986274015
M15332,M,297.4,309.0,1497,41.8,55.0,155.75,No Failure,6.552796788710663
M15333,M,297.4,309.0,1520,37.0,54.0,156.11,No Failure,5.889439027929666
L47654,L,297.4,309.1,1478,49.8,34.0,156.46,No Failure,7.707834743729486
L47655,L,297.4,309.1,1380,41.1,33.0,156.82,No Failure,5.939495070876863
L47656,L,297.4,309.0,1570,37.9,23.0,157.17,No Failure,6.231139588885115
H29891,H,297.4,309.0,1468,41.4,24.0,157.53,No Failure,6.364364061348346
L47658,L,297.4,309.0,1833,22.6,36.0,157.88,No Failure,4.338099631636002
M15339,M,297.4,308.9,1323,57.3,34.0,158.24,No Failure,7.938584724135655
L47660,L,297.4,309.0,1583,32.0,35.0,158.59,No Failure,5.304683915341486
M15341,M,297.3,309.0,1556,39.5,36.0,158.95,No Failure,6.436285589164529
L47662,L,297.3,309.0,1548,37.4,37.0,159.3,No Failure,6.062771166603726
L47663,L,297.4,309.0,1324,56.9,38.0,159.65,No Failure,7.889125583792641
L47664,L,297.4,309.0,1568,33.7,39.0,160.01,No Failure,5.533559412131014
M15345,M,297.4,309.0,1685,30.7,40.0,160.36,No Failure,5.41710057246244
M15346,M,297.4,309.1,1582,35.9,42.0,160.72,No Failure,5.947432828314933
M15347,M,297.4,309.1,1463,35.0,52.0,161.07,No Failure,5.362175060902178
L47668,L,297.4,309.2,1584,42.8,44.0,161.43,No Failure,7.099496742288358
M15349,M,297.5,309.2,1347,55.8,52.0,161.78,No Failure,7.871009066156939
L47670,L,297.4,309.2,1459,37.9,44.0,162.14,No Failure,5.790594051072217
L47671,L,297.4,309.2,1420,45.6,35.0,162.49,No Failure,6.78081358350821
L47672,L,297.5,309.3,1404,43.5,36.0,162.85,No Failure,6.395654324178101
L47673,L,297.5,309.3,1470,38.8,33.0,163.2,No Failure,5.972795953004914
L47674,L,297.6,309.4,1326,49.8,23.0,163.55,No Failure,6.9151480853757095
H29909,H,297.5,309.3,1459,49.7,45.0,163.91,No Failure,7.593470299163306
M15356,M,297.5,309.2,1530,40.0,55.0,164.26,No Failure,6.408849013323178
L47677,L,297.4,309.0,1505,39.2,45.0,164.62,No Failure,6.178046673039449
L47678,L,297.5,309.1,1611,30.2,34.0,164.97,No Failure,5.094846470032711
L47679,L,297.5,309.1,1515,35.1,34.0,165.33,No Failure,5.568630058120588
